Date,TCS.NS,INFY.NS,RELIANCE.NS
2019-01-01,1582.166259765625,553.4484252929688,498.4906005859375
2019-01-02,1599.2115478515625,556.7772827148438,491.9982604980469
2019-01-03,1579.796630859375,556.8605346679688,485.92828369140625
2019-01-04,1560.5887451171875,550.1196899414062,488.5519104003906
2019-01-07,1578.0916748046875,558.9824829101562,491.26446533203125
2019-01-08,1574.474853515625,557.609375,491.22003173828125
2019-01-09,1568.9869384765625,562.6441040039062,493.9325866699219
2019-01-10,1570.3173828125,565.6400146484375,492.4873352050781
2019-01-11,1532.0684814453125,568.8023681640625,488.28509521484375
2019-01-14,1507.7054443359375,584.1146850585938,487.7292785644531
2019-01-15,1553.064208984375,604.6697387695312,502.3371276855469
2019-01-16,1555.0177001953125,613.1580810546875,505.116455078125
2019-01-17,1578.474609375,610.2870483398438,504.4716796875
2019-01-18,1583.765869140625,608.289794921875,526.661376953125
2019-01-21,1590.4736328125,619.9820556640625,550.3851318359375
2019-01-22,1584.8076171875,620.2732543945312,549.2512817382812
2019-01-23,1562.89208984375,608.8723754882812,545.3157348632812
2019-01-24,1584.51611328125,612.5122680664062,554.7208862304688
2019-01-25,1600.55615234375,611.1316528320312,554.0759887695312
2019-01-28,1629.0545654296875,609.1234130859375,546.7611083984375
2019-01-29,1652.177978515625,609.0814819335938,538.3565063476562
2019-01-30,1651.052978515625,607.4080810546875,531.7084350585938
2019-01-31,1678.3011474609375,627.1975708007812,545.6937866210938
2019-02-01,1691.50830078125,633.4733276367188,555.8325805664062
2019-02-04,1708.424072265625,632.5110473632812,574.0424194335938
2019-02-05,1703.674072265625,631.6323852539062,574.3314819335938
2019-02-06,1728.8807373046875,638.7030639648438,582.6470336914062
2019-02-07,1735.6302490234375,639.2887573242188,573.820068359375
2019-02-08,1717.7147216796875,636.69482421875,568.1724853515625
2019-02-11,1721.4644775390625,638.2847290039062,557.2999877929688
2019-02-12,1709.5487060546875,627.9506225585938,558.7008056640625
2019-02-14,1703.7158203125,619.2481689453125,544.3819580078125
2019-02-15,1691.2996826171875,620.838134765625,553.38671875
2019-02-18,1641.8033447265625,620.0850830078125,542.558837890625
2019-02-19,1587.223876953125,606.0692138671875,540.780029296875
2019-02-20,1595.51513671875,619.7921142578125,548.8954467773438
2019-02-21,1595.0567626953125,613.7256469726562,554.476318359375
2019-02-22,1604.597412109375,614.980712890625,548.0062255859375
2019-02-25,1654.1776123046875,631.6741943359375,547.98388671875
2019-02-26,1698.799560546875,621.2982788085938,542.62548828125
2019-02-27,1714.9649658203125,615.2318725585938,544.0707397460938
2019-02-28,1652.760986328125,614.4368286132812,547.4281005859375
2019-03-01,1662.71875,620.79638671875,545.2046508789062
2019-03-05,1656.6356201171875,612.9306030273438,550.363037109375
2019-03-06,1666.218505859375,612.9306030273438,562.4362182617188
2019-03-07,1677.63427734375,604.939697265625,564.8596801757812
2019-03-08,1685.4671630859375,596.06982421875,563.4589233398438
2019-03-11,1678.884521484375,595.1494140625,579.9122924804688
2019-03-12,1676.9261474609375,591.5513305664062,592.02978515625
2019-03-13,1666.9686279296875,592.806396484375,599.12255859375
2019-03-14,1656.0521240234375,592.7227783203125,596.565673828125
2019-03-15,1699.841064453125,601.2578735351562,587.7164916992188
2019-03-18,1685.5501708984375,594.270751953125,600.345458984375
2019-03-19,1685.5501708984375,604.3538208007812,612.129638671875
2019-03-20,1679.092529296875,618.3278198242188,611.640380859375
2019-03-22,1671.2596435546875,621.8003540039062,596.6546020507812
2019-03-25,1653.427490234375,615.2318725585938,588.9615478515625
2019-03-26,1652.094482421875,608.9561157226562,607.9940185546875
2019-03-27,1639.803466796875,610.587646484375,599.9898071289062
2019-03-28,1666.8018798828125,617.3654174804688,604.77001953125
2019-04-01,1692.9248046875,631.8416137695312,618.9332885742188
2019-04-02,1732.6302490234375,635.439697265625,617.9771728515625
2019-04-03,1732.6302490234375,630.33544921875,611.5292358398438
2019-04-04,1678.634033203125,625.8169555664062,601.6795043945312
2019-04-05,1706.7989501953125,635.35595703125,602.0574340820312
2019-04-08,1725.5059814453125,642.00830078125,591.0960083007812
2019-04-09,1742.796630859375,636.44384765625,593.4083862304688
2019-04-10,1700.0914306640625,629.8333129882812,592.0520629882812
2019-04-11,1682.8006591796875,621.4656982421875,598.9003295898438
2019-04-12,1678.634033203125,625.6913452148438,597.2549438476562
2019-04-15,1760.961669921875,608.7467651367188,595.9431762695312
2019-04-16,1776.377685546875,605.9017944335938,597.5439453125
2019-04-18,1791.5849609375,600.0026245117188,616.3096313476562
2019-04-22,1801.0843505859375,603.349609375,598.2554321289062
2019-04-23,1795.751220703125,609.3327026367188,606.4821166992188
2019-04-24,1819.4163818359375,616.23583984375,617.88818359375
2019-04-25,1829.040283203125,609.62548828125,610.2841186523438
2019-04-26,1865.330078125,617.5328369140625,619.3555908203125
2019-04-30,1883.4951171875,628.7036743164062,619.3555908203125
2019-05-02,1846.039306640625,611.5081787109375,624.8031005859375
2019-05-03,1776.5440673828125,605.4833984375,626.492919921875
2019-05-06,1798.08447265625,601.1322631835938,615.8427124023438
2019-05-07,1793.1680908203125,606.2783813476562,597.4328002929688
2019-05-08,1793.9178466796875,601.9271240234375,577.8444213867188
2019-05-09,1810.3333740234375,603.349609375,558.7230224609375
2019-05-10,1779.7108154296875,599.8352661132812,556.3662719726562
2019-05-13,1773.836181640625,602.2200317382812,547.8727416992188
2019-05-14,1743.5047607421875,597.3250122070312,560.5018310546875
2019-05-15,1746.04638671875,599.2077026367188,558.923095703125
2019-05-16,1757.17041015625,613.4326171875,562.6807250976562
2019-05-17,1746.087890625,605.7344970703125,563.5924072265625
2019-05-20,1786.501708984375,604.4793701171875,589.6063232421875
2019-05-21,1758.003662109375,593.5177001953125,595.7874755859375
2019-05-22,1734.671875,593.8942260742188,596.0543212890625
2019-05-23,1711.5899658203125,586.6143188476562,593.163818359375
2019-05-24,1706.54931640625,593.4340209960938,594.4757080078125
2019-05-27,1712.5067138671875,592.513671875,582.824951171875
2019-05-28,1728.005859375,609.2489013671875,588.6502685546875
2019-05-29,1756.1707763671875,608.997802734375,583.8922119140625
2019-05-30,1788.4603271484375,613.809326171875,591.3184814453125
2019-05-31,1830.3319091796875,617.32373046875,591.496337890625
2019-06-03,1868.4539794921875,623.0973510742188,604.8590087890625
2019-06-04,1833.845947265625,615.2735595703125,601.0569458007812
2019-06-06,1819.5655517578125,615.524658203125,590.2511596679688
2019-06-07,1832.7117919921875,618.453369140625,584.71484375
2019-06-10,1874.5029296875,630.5027465820312,586.6046752929688
2019-06-11,1892.3951416015625,631.6741943359375,591.051513671875
2019-06-12,1899.1993408203125,630.7537841796875,592.3855590820312
2019-06-13,1893.4873046875,630.2021484375,590.2066650390625
2019-06-14,1893.82275390625,628.3353881835938,585.893310546875
2019-06-17,1889.3707275390625,628.4202270507812,570.2181396484375
2019-06-18,1890.7572021484375,636.5665893554688,569.6400756835938
2019-06-19,1898.359130859375,638.0516967773438,568.0169677734375
2019-06-20,1913.52197265625,640.5973510742188,576.6437377929688
2019-06-21,1889.9169921875,636.6090087890625,568.9729614257812
2019-06-24,1911.463623046875,632.6206665039062,561.368896484375
2019-06-25,1904.9952392578125,634.8270263671875,576.2435913085938
2019-06-26,1893.5711669921875,627.274658203125,575.4876708984375
2019-06-27,1892.18505859375,619.9343872070312,566.5939331054688
2019-06-28,1870.890625,621.164794921875,557.2333984375
2019-07-01,1881.2646484375,620.5706176757812,564.2371826171875
2019-07-02,1891.807373046875,627.9535522460938,568.5283203125
2019-07-03,1879.6690673828125,620.5706176757812,570.329345703125
2019-07-04,1883.8690185546875,622.6922607421875,570.9740600585938
2019-07-05,1817.04541015625,609.2846069335938,561.791259765625
2019-07-08,1827.37744140625,608.9451904296875,556.7664184570312
2019-07-09,1792.0545654296875,607.1630859375,569.2398071289062
2019-07-10,1770.9281005859375,608.6481323242188,568.6839599609375
2019-07-11,1766.182373046875,612.254638671875,569.8845825195312
2019-07-12,1770.4241943359375,616.7097778320312,569.4177856445312
2019-07-15,1802.42919921875,661.3452758789062,567.461181640625
2019-07-16,1773.2122802734375,666.0125122070312,574.9762573242188
2019-07-17,1782.684814453125,673.9043579101562,570.01806640625
2019-07-18,1739.4908447265625,672.6739501953125,561.1243286132812
2019-07-19,1748.752685546875,666.4793701171875,555.4100952148438
2019-07-22,1776.495849609375,665.6307373046875,569.4177856445312
2019-07-23,1778.6429443359375,670.4251708984375,566.3271484375
2019-07-24,1765.4661865234375,667.2429809570312,559.9014892578125
2019-07-25,1791.6517333984375,674.2013549804688,547.6281127929688
2019-07-26,1775.7801513671875,667.8369750976562,539.7572631835938
2019-07-29,1793.419677734375,671.6132202148438,538.4898681640625
2019-07-30,1834.802978515625,672.6739501953125,525.127197265625
2019-07-31,1857.157958984375,673.4801635742188,518.6126098632812
2019-08-01,1835.5609130859375,652.43505859375,524.838134765625
2019-08-02,1856.8211669921875,658.1632080078125,529.8225708007812
2019-08-05,1893.2789306640625,659.0965576171875,511.481201171875
2019-08-06,1864.9036865234375,657.187255859375,504.74847412109375
2019-08-07,1863.682861328125,658.5873413085938,496.2935485839844
2019-08-08,1901.2779541015625,669.322021484375,515.5073852539062
2019-08-09,1891.30029296875,670.2554931640625,519.8690185546875
2019-08-13,1851.8955078125,648.9559936523438,570.2633056640625
2019-08-14,1856.0631103515625,657.4842529296875,576.302734375
2019-08-16,1822.973388671875,657.2720947265625,571.71728515625
2019-08-19,1821.2049560546875,659.9027099609375,578.2486572265625
2019-08-20,1841.2025146484375,672.7162475585938,570.8001708984375
2019-08-21,1840.7393798828125,678.4019165039062,568.5634155273438
2019-08-22,1865.8302001953125,675.2197265625,557.737548828125
2019-08-23,1892.5206298828125,680.7354736328125,570.7554321289062
2019-08-26,1916.601806640625,681.032470703125,566.70703125
2019-08-27,1883.090576171875,665.8428344726562,570.30810546875
2019-08-28,1885.4061279296875,680.9901123046875,565.14111328125
2019-08-29,1880.5230712890625,684.766357421875,555.5006713867188
2019-08-30,1902.540771484375,691.5126342773438,558.542724609375
2019-09-03,1895.8046875,690.9609985351562,539.686767578125
2019-09-04,1890.5838623046875,696.9434204101562,537.338134765625
2019-09-05,1865.24072265625,707.7628784179688,536.1974487304688
2019-09-06,1850.2535400390625,712.9393920898438,546.8892211914062
2019-09-09,1837.918701171875,703.5623779296875,546.7549438476562
2019-09-11,1813.62744140625,695.9251098632812,552.212646484375
2019-09-12,1796.451171875,692.7853393554688,541.453857421875
2019-09-13,1803.48193359375,703.7320556640625,548.2759399414062
2019-09-16,1810.2596435546875,702.37451171875,541.6327514648438
2019-09-17,1787.2310791015625,705.386962890625,535.6829833984375
2019-09-18,1800.618896484375,704.1988525390625,539.3736572265625
2019-09-19,1769.802490234375,696.4344482421875,527.45166015625
2019-09-20,1739.06982421875,683.111572265625,561.1373291015625
2019-09-23,1697.265380859375,648.6165161132812,554.3599853515625
2019-09-24,1721.59912109375,673.8196411132812,572.0304565429688
2019-09-25,1758.435302734375,672.6315307617188,572.41064453125
2019-09-26,1757.7197265625,664.0606689453125,580.12744140625
2019-09-27,1731.2391357421875,663.7638549804688,585.6076049804688
2019-09-30,1767.5712890625,683.6632080078125,595.986083984375
2019-10-01,1734.439208984375,673.395263671875,583.7509765625
2019-10-03,1734.6917724609375,666.6489868164062,586.5023193359375
2019-10-04,1750.773681640625,673.310302734375,585.1824951171875
2019-10-07,1724.1248779296875,670.0009155273438,586.0772705078125
2019-10-09,1700.8863525390625,664.9942016601562,592.6310424804688
2019-10-10,1687.708984375,664.4851684570312,609.6304931640625
2019-10-11,1672.89013671875,691.4276123046875,605.0897827148438
2019-10-14,1701.6439208984375,667.0731811523438,607.5055541992188
2019-10-15,1715.3680419921875,651.9683837890625,610.2567138671875
2019-10-16,1723.0306396484375,654.6415405273438,613.925048828125
2019-10-17,1748.470458984375,652.9867553710938,624.7286376953125
2019-10-18,1771.1981201171875,651.5865478515625,633.6085815429688
2019-10-22,1766.075439453125,546.1073608398438,632.6244506835938
2019-10-23,1782.1749267578125,559.039306640625,622.8944091796875
2019-10-24,1792.4197998046875,545.9354248046875,642.600341796875
2019-10-25,1829.3956298828125,547.7399291992188,640.2517700195312
2019-10-27,1821.432373046875,557.53564453125,641.6162719726562
2019-10-29,1889.573974609375,559.0823974609375,656.2893676757812
2019-10-30,1939.4632568359375,567.6318969726562,661.6799926757812
2019-10-31,1953.9697265625,589.1137084960938,655.08154296875
2019-11-01,1894.781982421875,591.0899658203125,651.7486572265625
2019-11-04,1888.799072265625,609.2205810546875,652.0841674804688
2019-11-05,1895.600341796875,598.135986328125,647.4539794921875
2019-11-06,1884.1065673828125,612.0560913085938,641.9069213867188
2019-11-07,1881.3948974609375,618.7584228515625,652.5092163085938
2019-11-08,1833.7003173828125,608.4901733398438,646.6488647460938
2019-11-11,1808.7344970703125,605.267822265625,638.730712890625
2019-11-13,1875.5838623046875,594.0545043945312,658.637939453125
2019-11-14,1891.2523193359375,606.0411376953125,654.36572265625
2019-11-15,1872.0111083984375,604.8383178710938,657.9893798828125
2019-11-18,1853.2000732421875,605.9553833007812,652.7776489257812
2019-11-19,1815.4923095703125,612.5286254882812,675.391357421875
2019-11-20,1815.2769775390625,612.6575927734375,692.3460083007812
2019-11-21,1823.4990234375,612.8723754882812,687.85009765625
2019-11-22,1783.5526123046875,595.6441040039062,691.83154296875
2019-11-25,1791.9891357421875,599.8544921875,698.5641479492188
2019-11-26,1761.9862060546875,593.4099731445312,697.982666015625
2019-11-27,1768.5726318359375,597.8352661132812,702.2772827148438
2019-11-28,1788.4169921875,603.0767822265625,706.9521484375
2019-11-29,1767.668701171875,598.3507690429688,693.9118041992188
2019-12-02,1739.947021484375,595.2145385742188,709.7257080078125
2019-12-03,1765.7314453125,600.0693359375,706.3258666992188
2019-12-04,1789.4061279296875,609.091552734375,694.6051635742188
2019-12-05,1826.2537841796875,614.2472534179688,693.777587890625
2019-12-06,1828.2335205078125,614.4619750976562,695.58935546875
2019-12-09,1773.8668212890625,616.3095092773438,703.507568359375
2019-12-10,1732.887451171875,613.9894409179688,698.7431640625
2019-12-11,1757.8973388671875,619.5745849609375,698.9444580078125
2019-12-12,1739.818115234375,603.29150390625,701.5391235351562
2019-12-13,1783.1649169921875,611.19677734375,708.115234375
2019-12-16,1830.9454345703125,613.516845703125,700.8233642578125
2019-12-17,1863.8326416015625,627.00732421875,699.0786743164062
2019-12-18,1866.2427978515625,629.3704223632812,704.9613647460938
2019-12-19,1919.0169677734375,627.9954833984375,720.2161254882812
2019-12-20,1913.721923828125,628.5969848632812,715.3623657226562
2019-12-23,1921.298583984375,632.4207153320312,702.9706420898438
2019-12-24,1907.4376220703125,630.1867065429688,691.8092041015625
2019-12-26,1895.68603515625,626.3629150390625,677.9188842773438
2019-12-27,1892.716064453125,633.237060546875,689.9750366210938
2019-12-30,1879.544189453125,629.757080078125,690.8026733398438
2019-12-31,1861.0341796875,628.2532958984375,677.3150024414062
2020-01-01,1866.114013671875,633.151123046875,675.3241577148438
2020-01-02,1857.5477294921875,631.3037109375,686.8212280273438
2020-01-03,1894.5670166015625,641.0134887695312,687.6488647460938
2020-01-06,1894.394775390625,634.8696899414062,671.7007446289062
2020-01-07,1899.0443115234375,625.4606323242188,682.0345458984375
2020-01-08,1941.572998046875,617.1258544921875,676.912353515625
2020-01-09,1906.36181640625,625.159912109375,692.5025634765625
2020-01-10,1905.6732177734375,634.268310546875,692.3460083007812
2020-01-13,1885.69970703125,664.686279296875,690.5790405273438
2020-01-14,1899.94775390625,666.4906616210938,684.181884765625
2020-01-15,1917.166015625,659.5305786132812,681.6990966796875
2020-01-16,1927.4107666015625,659.0579223632812,687.9842529296875
2020-01-17,1910.4508056640625,659.7883911132812,707.2653198242188
2020-01-20,1868.481689453125,660.3038940429688,685.5015258789062
2020-01-21,1869.083984375,655.19140625,686.1950073242188
2020-01-22,1899.94775390625,661.8076171875,685.9489135742188
2020-01-23,1890.4991455078125,673.96630859375,683.0411376953125
2020-01-24,1883.984619140625,672.5913696289062,680.6701049804688
2020-01-27,1871.7747802734375,668.5958862304688,673.9598388671875
2020-01-28,1884.2864990234375,668.510009765625,658.3919067382812
2020-01-29,1859.1341552734375,678.5633544921875,662.0154418945312
2020-01-30,1844.6812744140625,670.830078125,645.8660278320312
2020-01-31,1793.9444580078125,666.74853515625,631.5059814453125
2020-02-03,1814.1787109375,659.4017333984375,619.8077392578125
2020-02-04,1818.7088623046875,676.9736938476562,638.1045532226562
2020-02-05,1852.1881103515625,674.1381225585938,647.9909057617188
2020-02-06,1836.484375,662.7959594726562,652.1513061523438
2020-02-07,1843.5594482421875,667.9085693359375,641.3477172851562
2020-02-10,1865.47607421875,664.385498046875,642.2201538085938
2020-02-11,1858.098388671875,664.686279296875,649.8922119140625
2020-02-12,1873.0694580078125,671.130859375,657.7432250976562
2020-02-13,1891.362060546875,680.7545166015625,659.4655151367188
2020-02-14,1884.6751708984375,675.7706909179688,665.4824829101562
2020-02-17,1901.1129150390625,678.3485717773438,661.2996826171875
2020-02-18,1911.8984375,685.3945922851562,656.4458618164062
2020-02-19,1895.1588134765625,687.8005981445312,672.7296142578125
2020-02-20,1861.032470703125,684.8359985351562,664.7443237304688
2020-02-24,1825.2666015625,683.8479614257812,646.4028930664062
2020-02-25,1860.471435546875,686.0390625,633.6309204101562
2020-02-26,1832.38525390625,672.5913696289062,622.715576171875
2020-02-27,1816.7672119140625,668.3811645507812,620.143310546875
2020-02-28,1725.8642578125,628.7258911132812,594.3756103515625
2020-03-02,1726.8565673828125,636.7600708007812,588.7838134765625
2020-03-03,1756.970703125,641.872802734375,600.7280883789062
2020-03-04,1797.525390625,651.9691162109375,599.3189086914062
2020-03-05,1833.63623046875,648.4031372070312,586.5470581054688
2020-03-06,1826.2158203125,634.9556274414062,568.585693359375
2020-03-09,1701.8765869140625,605.3108520507812,498.4184265136719
2020-03-11,1685.783935546875,589.4573974609375,516.0441284179688
2020-03-12,1527.145751953125,542.3694458007812,475.536376953125
2020-03-13,1558.597412109375,551.9503784179688,494.4593811035156
2020-03-16,1463.768310546875,501.08172607421875,454.3765563964844
2020-03-17,1430.63427734375,476.850341796875,450.9319152832031
2020-03-18,1427.52783203125,459.1065368652344,433.2615051269531
2020-03-19,1422.26904296875,468.7732849121094,410.53594970703125
2020-03-20,1562.2928466796875,502.8432922363281,455.3830871582031
2020-03-23,1451.25634765625,452.36126708984375,395.4825134277344
2020-03-24,1480.3302001953125,506.7958068847656,422.03289794921875
2020-03-25,1521.3116455078125,520.8878784179688,484.14788818359375
2020-03-26,1556.643310546875,552.5088500976562,476.9678955078125
2020-03-27,1585.80419921875,560.8439331054688,476.6994323730469
2020-03-30,1545.822021484375,538.5028076171875,460.9750061035156
2020-03-31,1587.19482421875,551.219970703125,498.2395324707031
2020-04-01,1485.1976318359375,517.9664306640625,483.3426818847656
2020-04-03,1437.7845458984375,503.2728576660156,482.0006103515625
2020-04-07,1542.953857421875,549.0718383789062,539.5526123046875
2020-04-08,1482.3289794921875,542.7132568359375,533.3119506835938
2020-04-09,1535.087646484375,546.708740234375,545.7484130859375
2020-04-13,1529.0908203125,547.6968994140625,531.969970703125
2020-04-15,1508.1434326171875,549.11474609375,514.388916015625
2020-04-16,1491.54248046875,536.0538940429688,522.5308227539062
2020-04-17,1569.898193359375,540.2643432617188,547.5601806640625
2020-04-20,1580.719482421875,561.3593139648438,556.4177856445312
2020-04-21,1510.31689453125,544.0880737304688,553.5324096679688
2020-04-22,1537.9996337890625,551.5206909179688,610.0106201171875
2020-04-23,1632.5220947265625,583.7002563476562,613.2764282226562
2020-04-24,1580.6328125,565.3978271484375,633.8993530273438
2020-04-27,1596.321044921875,571.069091796875,639.6030883789062
2020-04-28,1615.8341064453125,567.7179565429688,638.8873291015625
2020-04-29,1656.33740234375,581.3372802734375,638.3504028320312
2020-04-30,1750.903076171875,614.8057250976562,655.8196411132812
2020-05-04,1677.8924560546875,578.888427734375,642.041259765625
2020-05-05,1679.891845703125,578.888427734375,653.4262084960938
2020-05-06,1654.555419921875,572.1860961914062,653.4710693359375
2020-05-07,1644.1688232421875,571.3698120117188,674.138671875
2020-05-08,1645.68994140625,579.318115234375,698.6761474609375
2020-05-11,1682.108642578125,586.7937622070312,705.3862915039062
2020-05-12,1694.450439453125,590.8751220703125,661.7470703125
2020-05-13,1694.5810546875,596.46044921875,675.7871704101562
2020-05-14,1653.46923828125,565.5267333984375,648.4657592773438
2020-05-15,1645.2554931640625,560.5001220703125,659.0556640625
2020-05-18,1691.060791015625,570.467529296875,650.6334838867188
2020-05-19,1693.7119140625,574.506103515625,636.2501220703125
2020-05-20,1698.0140380859375,575.3224487304688,647.4498291015625
2020-05-21,1730.6949462890625,577.5995483398438,650.8591918945312
2020-05-22,1756.03125,594.9137573242188,646.4786987304688
2020-05-26,1688.80078125,584.7743530273438,643.091796875
2020-05-27,1742.9501953125,606.1701049804688,652.8010864257812
2020-05-28,1742.0811767578125,607.8457641601562,664.858642578125
2020-05-29,1714.3114013671875,601.8360595703125,661.3135986328125
2020-06-01,1777.673583984375,609.2827758789062,686.5802612304688
2020-06-02,1779.3250732421875,616.7294921875,693.51220703125
2020-06-03,1783.6837158203125,611.0247192382812,696.1992797851562
2020-06-04,1823.26025390625,616.4247436523438,713.4275512695312
2020-06-05,1785.5145263671875,612.7666015625,714.2854614257812
2020-06-08,1806.0001220703125,627.8342895507812,708.7760620117188
2020-06-09,1806.261474609375,625.003662109375,694.1670532226562
2020-06-10,1838.2537841796875,623.4794921875,709.9728393554688
2020-06-11,1802.4256591796875,613.114990234375,694.4154052734375
2020-06-12,1777.886962890625,602.7506103515625,717.4918823242188
2020-06-15,1769.51806640625,598.8312377929688,729.1204223632812
2020-06-16,1783.3787841796875,610.7198486328125,730.54296875
2020-06-17,1785.1220703125,612.853759765625,729.4816284179688
2020-06-18,1776.6663818359375,621.7811889648438,747.7937622070312
2020-06-19,1782.3326416015625,614.5086059570312,794.5337524414062
2020-06-22,1767.8184814453125,612.8972778320312,788.5501098632812
2020-06-23,1774.2257080078125,627.6600952148438,777.1473999023438
2020-06-24,1780.240478515625,621.9988403320312,780.285888671875
2020-06-25,1757.4886474609375,610.1101684570312,775.7925415039062
2020-06-26,1847.058349609375,651.6552124023438,786.5178833007812
2020-06-29,1832.064697265625,637.3276977539062,778.16357421875
2020-06-30,1815.0660400390625,640.9859008789062,769.560546875
2020-07-01,1823.6959228515625,637.45849609375,784.68896484375
2020-07-02,1880.4453125,658.9712524414062,798.19775390625
2020-07-03,1917.4935302734375,664.2841796875,810.6897583007812
2020-07-06,1972.8922119140625,665.4163208007812,839.6640625
2020-07-07,1978.732421875,691.676025390625,826.8092041015625
2020-07-08,1934.274169921875,674.7357788085938,815.2694091796875
2020-07-09,1921.591064453125,680.8325805664062,827.171875
2020-07-10,1937.2821044921875,680.9630737304688,851.566650390625
2020-07-13,1935.2340087890625,694.2017211914062,877.3895263671875
2020-07-14,1893.346923828125,682.1825561523438,869.2277221679688
2020-07-15,1947.3507080078125,723.7274780273438,836.127197265625
2020-07-16,1952.4615478515625,793.4481201171875,835.855224609375
2020-07-17,1922.7567138671875,786.6109619140625,866.8245849609375
2020-07-20,1929.0029296875,813.7415161132812,870.5426635742188
2020-07-21,1943.986572265625,815.8754272460938,893.96240234375
2020-07-22,1914.1942138671875,799.4577026367188,908.67626953125
2020-07-23,1896.9390869140625,790.791748046875,933.0708618164062
2020-07-24,1884.882080078125,803.7689819335938,973.1314086914062
2020-07-27,1928.0423583984375,826.0657348632812,977.6884765625
2020-07-28,2017.9876708984375,838.6076049804688,987.437255859375
2020-07-29,1988.544677734375,831.0302734375,950.6865844726562
2020-07-30,1991.55859375,837.3883666992188,956.218505859375
2020-07-31,1993.21875,841.35107421875,937.2877807617188
2020-08-03,1969.410888671875,833.4253540039062,910.9434204101562
2020-08-04,1965.5230712890625,827.2849731445312,975.1492919921875
2020-08-05,1974.0849609375,822.799560546875,964.1989135742188
2020-08-06,2016.5465087890625,845.5751953125,967.6676635742188
2020-08-07,2005.4072265625,828.1996459960938,973.2675170898438
2020-08-10,1994.4422607421875,828.5914916992188,961.2062377929688
2020-08-11,1991.9072265625,826.0657348632812,967.5316162109375
2020-08-12,1972.2066650390625,831.72705078125,964.7203369140625
2020-08-13,1969.6729736328125,828.4608764648438,962.203857421875
2020-08-14,1958.9267578125,830.55126953125,958.4630126953125
2020-08-17,1968.75537109375,833.9478759765625,948.2835083007812
2020-08-18,1983.04052734375,842.7011108398438,960.6168212890625
2020-08-19,1971.5513916015625,835.515625,966.5113525390625
2020-08-20,1968.2750244140625,831.9013061523438,950.8680419921875
2020-08-21,1964.56201171875,826.37060546875,943.9758911132812
2020-08-24,1964.1253662109375,825.1511840820312,950.278564453125
2020-08-25,1959.36376953125,817.0513305664062,944.0892333984375
2020-08-26,1968.8428955078125,828.1124877929688,969.11865234375
2020-08-27,1964.386962890625,824.8463134765625,957.0120239257812
2020-08-28,1955.781494140625,814.5690307617188,959.528564453125
2020-08-31,1972.11962890625,808.7770385742188,943.4544067382812
2020-09-01,1962.5963134765625,796.1917724609375,946.4244995117188
2020-09-02,1979.02099609375,804.7706298828125,964.992431640625
2020-09-03,2009.03271484375,814.830322265625,957.6921997070312
2020-09-04,1999.6842041015625,800.5464477539062,941.89013671875
2020-09-07,2033.10205078125,805.6851806640625,944.3385620117188
2020-09-08,2051.58056640625,818.0963134765625,955.425048828125
2020-09-09,2033.6265869140625,808.0368041992188,980.023681640625
2020-09-10,2036.6842041015625,818.7495727539062,1049.239990234375
2020-09-11,2074.209716796875,823.6705932617188,1051.84716796875
2020-09-14,2176.6923828125,852.151123046875,1044.0482177734375
2020-09-15,2176.6923828125,855.6784057617188,1051.439208984375
2020-09-16,2186.82666015625,872.488037109375,1054.0235595703125
2020-09-17,2150.08837890625,880.5444946289062,1042.3250732421875
2020-09-18,2140.43408203125,872.83642578125,1045.4764404296875
2020-09-21,2153.88916015625,879.5864868164062,1022.8728637695312
2020-09-22,2204.25732421875,877.49609375,1002.6045532226562
2020-09-23,2155.767333984375,888.1654663085938,1011.5144653320312
2020-09-24,2037.6451416015625,849.538330078125,989.0242919921875
2020-09-25,2116.32080078125,880.9364624023438,998.3196411132812
2020-09-28,2119.8154296875,880.0219116210938,1004.9170532226562
2020-09-29,2174.0712890625,878.8025512695312,1017.9757080078125
2020-09-30,2177.47802734375,878.1492919921875,1013.1240844726562
2020-10-01,2204.693603515625,886.3364868164062,1008.9979248046875
2020-10-05,2364.009521484375,913.3796997070312,1003.0806884765625
2020-10-06,2371.435546875,919.5201416015625,1002.2418212890625
2020-10-07,2390.351318359375,928.9265747070312,1023.62109375
2020-10-08,2468.76416015625,952.5731201171875,1015.3458862304688
2020-10-09,2457.62451171875,963.9827880859375,1012.716064453125
2020-10-12,2472.5205078125,986.018310546875,1014.348388671875
2020-10-13,2469.506591796875,1008.4021606445312,1034.1407470703125
2020-10-14,2465.1630859375,990.2860107421875,1037.22412109375
2020-10-15,2404.623046875,965.2456665039062,1000.4960327148438
2020-10-16,2424.5400390625,982.0118408203125,986.57568359375
2020-10-19,2379.133056640625,980.6183471679688,986.757080078125
2020-10-20,2403.21923828125,990.7216796875,977.552490234375
2020-10-21,2347.4150390625,1000.17138671875,963.3600463867188
2020-10-22,2343.6865234375,983.3617553710938,955.3569946289062
2020-10-23,2357.41796875,988.1594848632812,958.1229858398438
2020-10-26,2358.64599609375,979.3121337890625,920.057373046875
2020-10-27,2307.71240234375,960.29736328125,922.505859375
2020-10-28,2300.7373046875,947.7088623046875,912.0543212890625
2020-10-29,2309.90625,946.2123413085938,919.059814453125
2020-10-30,2338.1591796875,933.6677856445312,931.5745239257812
2020-11-02,2285.29541015625,943.9675903320312,851.2944946289062
2020-11-03,2310.739990234375,935.3844604492188,839.0291748046875
2020-11-04,2327.89306640625,963.0262451171875,867.504638671875
2020-11-05,2356.452880859375,971.87353515625,886.4580688476562
2020-11-06,2375.5361328125,979.5765991210938,920.0801391601562
2020-11-09,2392.338623046875,1000.528076171875,929.8514404296875
2020-11-10,2324.7783203125,960.4735717773438,945.2001342773438
2020-11-11,2358.294921875,988.1594848632812,905.5928955078125
2020-11-12,2343.5986328125,983.9780883789062,897.7938232421875
2020-11-13,2331.1396484375,989.656005859375,905.2301635742188
2020-11-14,2342.984619140625,997.7990112304688,907.9054565429688
2020-11-17,2339.21240234375,989.2160034179688,903.8018188476562
2020-11-18,2304.641357421875,977.6398315429688,901.0586547851562
2020-11-19,2313.634521484375,965.4912109375,894.6878662109375
2020-11-20,2334.122802734375,971.3014526367188,861.292724609375
2020-11-23,2390.276611328125,1003.4330444335938,884.50830078125
2020-11-24,2388.346435546875,1003.6091918945312,890.5617065429688
2020-11-25,2370.140380859375,982.1293334960938,883.193359375
2020-11-26,2387.074462890625,979.9725341796875,885.3699340820312
2020-11-27,2351.14404296875,968.3524169921875,875.0316772460938
2020-12-01,2392.5146484375,1001.6725463867188,886.4127807617188
2020-12-02,2412.474853515625,1004.3575439453125,887.886474609375
2020-12-03,2377.291259765625,991.6366577148438,890.5617065429688
2020-12-04,2393.172119140625,998.85546875,882.71728515625
2020-12-07,2402.07763671875,1006.6461181640625,887.9090576171875
2020-12-08,2454.37109375,1015.3173828125,904.028564453125
2020-12-09,2466.21728515625,1034.552490234375,919.08251953125
2020-12-10,2442.965087890625,1027.9940185546875,910.0364379882812
2020-12-11,2442.351318359375,1023.9885864257812,909.492431640625
2020-12-14,2454.7216796875,1025.1771240234375,902.9176635742188
2020-12-15,2423.004150390625,1016.4177856445312,895.2320556640625
2020-12-16,2469.199462890625,1026.189208984375,896.2295532226562
2020-12-17,2490.2568359375,1020.4672241210938,900.3330688476562
2020-12-18,2510.262451171875,1047.4049072265625,903.0309448242188
2020-12-21,2474.41943359375,1036.4010009765625,879.5206298828125
2020-12-22,2520.35302734375,1074.4310302734375,878.1602783203125
2020-12-23,2552.158935546875,1103.0853271484375,881.40234375
2020-12-24,2552.685302734375,1088.119873046875,904.2099609375
2020-12-28,2570.27734375,1091.8612060546875,908.3588256835938
2020-12-29,2571.2421875,1100.66455078125,902.3509521484375
2020-12-30,2552.64111328125,1097.58349609375,904.822021484375
2020-12-31,2511.797119140625,1105.5064697265625,900.197021484375
2021-01-01,2569.267822265625,1109.599609375,901.1946411132812
2021-01-04,2666.8359375,1134.07275390625,902.7135620117188
2021-01-05,2713.8203125,1138.95849609375,891.4912109375
2021-01-06,2677.407958984375,1128.65869140625,867.9807739257812
2021-01-07,2661.00048828125,1111.09619140625,866.5751953125
2021-01-08,2738.299560546875,1155.068359375,876.800048828125
2021-01-11,2787.04052734375,1211.4967041015625,860.2724609375
2021-01-12,2785.63671875,1207.5794677734375,887.3876953125
2021-01-13,2771.685546875,1221.13623046875,879.1126098632812
2021-01-14,2857.615234375,1206.47900390625,888.9973754882812
2021-01-15,2842.363525390625,1183.9866943359375,878.5004272460938
2021-01-18,2832.166015625,1155.024169921875,899.5848999023438
2021-01-19,2866.40625,1159.07373046875,914.298828125
2021-01-20,2908.68994140625,1179.14501953125,931.6651611328125
2021-01-21,2877.966064453125,1179.3651123046875,951.9335327148438
2021-01-22,2903.678955078125,1180.37744140625,929.3527221679688
2021-01-25,2893.305908203125,1166.512451171875,880.1100463867188
2021-01-27,2866.714111328125,1145.296875,859.2522583007812
2021-01-28,2810.013671875,1123.4647216796875,850.8864135742188
2021-01-29,2735.11669921875,1090.7611083984375,835.1976928710938
2021-02-01,2759.730224609375,1109.9959716796875,859.3883056640625
2021-02-02,2816.0791015625,1119.1072998046875,873.2178955078125
2021-02-03,2813.090576171875,1130.903564453125,875.4171142578125
2021-02-04,2802.89306640625,1126.2376708984375,872.5377197265625
2021-02-05,2776.081298828125,1119.85546875,872.288330078125
2021-02-08,2825.44140625,1147.541748046875,884.8484497070312
2021-02-09,2792.739501953125,1149.3021240234375,886.9795532226562
2021-02-10,2824.738037109375,1141.3353271484375,895.2093505859375
2021-02-11,2818.320556640625,1137.946044921875,932.11865234375
2021-02-12,2804.95849609375,1153.043701171875,925.7252197265625
2021-02-15,2760.170166015625,1152.911376953125,921.6444091796875
2021-02-16,2732.87451171875,1135.9652099609375,933.8416748046875
2021-02-17,2701.491455078125,1127.95458984375,944.6106567382812
2021-02-18,2687.646240234375,1137.7698974609375,937.5598754882812
2021-02-19,2700.39306640625,1136.7578125,943.2730712890625
2021-02-22,2600.705078125,1113.78125,910.5352172851562
2021-02-23,2619.8251953125,1114.7935791015625,917.4954223632812
2021-02-24,2591.6064453125,1121.7921142578125,934.5218505859375
2021-02-25,2633.09912109375,1122.01220703125,972.3153076171875
2021-02-26,2544.312255859375,1103.3055419921875,945.7669067382812
2021-03-01,2570.596923828125,1115.3658447265625,952.9765625
2021-03-02,2642.813232421875,1148.3778076171875,954.9262084960938
2021-03-03,2689.1845703125,1182.7545166015625,998.5009155273438
2021-03-04,2680.921142578125,1171.1341552734375,986.598388671875
2021-03-05,2644.307861328125,1159.1177978515625,987.8906860351562
2021-03-08,2643.34033203125,1175.8876953125,993.5133056640625
2021-03-09,2682.020263671875,1184.514892578125,993.490478515625
2021-03-10,2699.6005859375,1204.410400390625,989.3643188476562
2021-03-12,2688.173828125,1210.308349609375,969.2546997070312
2021-03-15,2695.381591796875,1209.2078857421875,956.2411499023438
2021-03-16,2733.973388671875,1218.3634033203125,952.4777221679688
2021-03-17,2736.5224609375,1221.0042724609375,931.9600219726562
2021-03-18,2669.317138671875,1177.0762939453125,910.9888305664062
2021-03-19,2681.3603515625,1183.5465087890625,944.0438232421875
2021-03-22,2751.203125,1206.7431640625,935.1566162109375
2021-03-23,2762.58740234375,1207.403564453125,946.5377197265625
2021-03-24,2743.687255859375,1191.7333984375,928.309814453125
2021-03-25,2694.239501953125,1174.171142578125,902.9857177734375
2021-03-26,2695.953369140625,1176.283935546875,904.4366455078125
2021-03-30,2776.6083984375,1219.5076904296875,920.1480712890625
2021-03-31,2793.574951171875,1204.3223876953125,908.2681274414062
2021-04-01,2782.278564453125,1219.4197998046875,916.77001953125
2021-04-05,2847.242919921875,1241.1636962890625,903.5071411132812
2021-04-06,2869.9228515625,1242.1761474609375,899.7437133789062
2021-04-07,2875.81201171875,1259.0340576171875,908.15478515625
2021-04-08,2916.205810546875,1267.529052734375,909.2883911132812
2021-04-09,2920.51318359375,1268.58544921875,898.723388671875
2021-04-12,2853.967529296875,1255.116455078125,866.5751953125
2021-04-13,2728.69873046875,1229.939453125,875.9385375976562
2021-04-15,2829.70458984375,1197.8958740234375,881.6063842773438
2021-04-16,2808.78271484375,1191.7333984375,876.0745239257812
2021-04-19,2779.4658203125,1199.48046875,862.2901000976562
2021-04-20,2764.301513671875,1189.6207275390625,862.0408935546875
2021-04-22,2741.66552734375,1189.40087890625,864.4213256835938
2021-04-23,2733.489990234375,1174.171142578125,863.4918212890625
2021-04-26,2725.842529296875,1182.7545166015625,878.6817626953125
2021-04-27,2753.269287109375,1187.112060546875,901.7161254882812
2021-04-28,2746.323974609375,1193.714111328125,905.63818359375
2021-04-29,2738.54443359375,1194.0223388671875,917.7676391601562
2021-04-30,2668.570068359375,1192.2618408203125,904.36865234375
2021-05-03,2669.756591796875,1190.237060546875,888.2945556640625
2021-05-04,2680.965087890625,1170.2978515625,869.0463256835938
2021-05-05,2721.358642578125,1180.9495849609375,870.6334228515625
2021-05-06,2735.2041015625,1198.64404296875,875.5758056640625
2021-05-07,2754.059814453125,1190.6773681640625,875.9158935546875
2021-05-10,2765.13671875,1179.2330322265625,873.3993530273438
2021-05-11,2745.00634765625,1171.3983154296875,876.5506591796875
2021-05-12,2714.238525390625,1168.1849365234375,867.4819946289062
2021-05-14,2682.50341796875,1158.853515625,878.432373046875
2021-05-17,2698.546142578125,1170.2978515625,888.8839721679688
2021-05-18,2715.29345703125,1179.6290283203125,901.398681640625
2021-05-19,2709.315185546875,1176.9881591796875,905.5248413085938
2021-05-20,2689.97509765625,1179.0130615234375,900.242431640625
2021-05-21,2707.996826171875,1192.393798828125,908.0187377929688
2021-05-24,2708.875,1186.7159423828125,900.3557739257812
2021-05-25,2750.83544921875,1198.64404296875,890.1536254882812
2021-05-26,2790.146240234375,1230.0274658203125,893.2821655273438
2021-05-27,2809.138916015625,1234.42919921875,896.0255126953125
2021-05-28,2776.98388671875,1236.8941650390625,949.8478393554688
2021-05-31,2790.720458984375,1240.1865234375,979.5475463867188
2021-06-01,2785.287353515625,1234.3580322265625,983.4471435546875
2021-06-02,2764.484619140625,1226.7501220703125,998.1156005859375
2021-06-03,2774.908203125,1236.5380859375,1001.92431640625
2021-06-04,2777.1162109375,1232.97900390625,993.2412109375
2021-06-07,2811.965576171875,1236.5380859375,1009.9727172851562
2021-06-08,2826.93896484375,1257.27099609375,1004.1689453125
2021-06-09,2827.02734375,1259.3619384765625,986.2130126953125
2021-06-10,2841.64697265625,1267.370361328125,989.8404541015625
2021-06-11,2891.999755859375,1287.4803466796875,1007.0098266601562
2021-06-14,2894.25244140625,1300.7386474609375,1021.4564208984375
2021-06-15,2882.238037109375,1311.5054931640625,1023.777099609375
2021-06-16,2892.48583984375,1317.46728515625,1006.3045043945312
2021-06-17,2930.82421875,1330.5474853515625,1008.1473999023438
2021-06-18,2912.7587890625,1337.6661376953125,1012.6974487304688
2021-06-21,2891.381591796875,1334.99658203125,1017.9756469726562
2021-06-22,2916.2041015625,1345.2740478515625,1012.7430419921875
2021-06-23,2881.0458984375,1337.53271484375,1003.460693359375
2021-06-24,2980.1611328125,1387.4072265625,979.8683471679688
2021-06-25,2986.5205078125,1400.75439453125,957.550048828125
2021-06-28,2947.608154296875,1398.6187744140625,949.1550903320312
2021-06-29,2951.22998046875,1390.8328857421875,949.9740600585938
2021-06-30,2955.55859375,1406.6270751953125,960.37109375
2021-07-01,2951.8037109375,1388.474853515625,954.592529296875
2021-07-02,2937.6259765625,1395.0595703125,968.7432861328125
2021-07-05,2933.695068359375,1404.98095703125,978.3668823242188
2021-07-06,2881.8408203125,1390.07666015625,966.8095703125
2021-07-07,2893.015625,1392.212158203125,960.09814453125
2021-07-08,2878.484375,1388.7862548828125,952.1581420898438
2021-07-09,2834.005859375,1390.699462890625,942.4208984375
2021-07-12,2820.7109375,1377.3077392578125,948.2905883789062
2021-07-13,2815.808349609375,1374.72705078125,955.3887329101562
2021-07-14,2839.659912109375,1403.1571044921875,949.1550903320312
2021-07-15,2835.586669921875,1406.6270751953125,947.4943237304688
2021-07-16,2828.3720703125,1384.0701904296875,961.1674194335938
2021-07-19,2819.341552734375,1371.8350830078125,955.0474853515625
2021-07-20,2838.1103515625,1379.2652587890625,952.7041015625
2021-07-22,2847.450439453125,1414.9913330078125,964.9439697265625
2021-07-23,2844.351318359375,1415.2139892578125,958.1188354492188
2021-07-26,2830.806640625,1427.1820068359375,944.9917602539062
2021-07-27,2817.881103515625,1425.980712890625,935.0496826171875
2021-07-28,2831.028076171875,1428.6947021484375,927.018798828125
2021-07-29,2829.2568359375,1438.838623046875,934.25341796875
2021-07-30,2804.1591796875,1433.0548095703125,926.0860595703125
2021-08-02,2850.150634765625,1451.7857666015625,943.012451171875
2021-08-03,2908.137451171875,1472.8297119140625,949.9512939453125
2021-08-04,2898.44384765625,1467.53515625,957.2315673828125
2021-08-05,2907.296875,1471.361572265625,971.1094360351562
2021-08-06,2930.181884765625,1468.380615234375,950.5429077148438
2021-08-09,2941.602783203125,1480.0374755859375,945.1282348632812
2021-08-10,2951.517578125,1492.4505615234375,950.0877685546875
2021-08-11,2960.63623046875,1492.7171630859375,963.3969116210938
2021-08-12,2967.320556640625,1503.439697265625,960.3029174804688
2021-08-13,3066.16455078125,1523.54931640625,976.2965698242188
2021-08-16,3074.619384765625,1516.6090087890625,988.9686279296875
2021-08-17,3145.532470703125,1549.754638671875,984.7598266601562
2021-08-18,3152.171875,1542.4581298828125,988.5819091796875
2021-08-20,3151.242919921875,1542.0130615234375,977.4796752929688
2021-08-23,3220.207763671875,1547.174072265625,983.895263671875
2021-08-24,3198.782958984375,1531.2464599609375,993.6098022460938
2021-08-25,3239.330078125,1544.3267822265625,1002.20947265625
2021-08-26,3250.706787109375,1537.3419189453125,1014.8815307617188
2021-08-27,3293.466796875,1520.5240478515625,1013.4937133789062
2021-08-30,3276.77880859375,1510.9586181640625,1032.990966796875
2021-08-31,3352.16259765625,1518.43310546875,1027.4854736328125
2021-09-01,3288.86328125,1492.8953857421875,1031.5577392578125
2021-09-02,3396.693115234375,1502.9947509765625,1043.9796142578125
2021-09-03,3401.3857421875,1513.2720947265625,1086.796142578125
2021-09-06,3410.1943359375,1539.744140625,1103.67724609375
2021-09-07,3378.234619140625,1518.6109619140625,1110.6387939453125
2021-09-08,3341.273193359375,1506.6875,1106.2933349609375
2021-09-09,3356.544677734375,1505.2193603515625,1103.67724609375
2021-09-13,3404.30712890625,1505.4859619140625,1079.083740234375
2021-09-14,3440.2060546875,1500.3697509765625,1077.6732177734375
2021-09-15,3500.98193359375,1522.882080078125,1082.155029296875
2021-09-16,3455.6103515625,1514.69580078125,1104.860107421875
2021-09-17,3388.81396484375,1504.9522705078125,1087.72900390625
2021-09-20,3384.963134765625,1501.8822021484375,1089.4581298828125
2021-09-21,3419.888427734375,1529.1107177734375,1094.16748046875
2021-09-22,3419.1796875,1527.731689453125,1105.9068603515625
2021-09-23,3425.4658203125,1550.5555419921875,1132.9344482421875
2021-09-24,3427.281005859375,1569.5086669921875,1129.6583251953125
2021-09-27,3396.8701171875,1531.513427734375,1148.6551513671875
2021-09-28,3345.69921875,1501.2149658203125,1159.3934326171875
2021-09-29,3356.98681640625,1505.797607421875,1150.2022705078125
2021-09-30,3342.51318359375,1490.626220703125,1146.2889404296875
2021-10-01,3302.3642578125,1481.6834716796875,1148.3138427734375
2021-10-04,3340.52099609375,1493.784912109375,1163.0789794921875
2021-10-05,3393.638916015625,1506.2872314453125,1187.2174072265625
2021-10-06,3373.807861328125,1489.1578369140625,1164.7625732421875
2021-10-07,3446.40283203125,1504.6854248046875,1170.472900390625
2021-10-08,3484.25,1533.9158935546875,1215.450927734375
2021-10-11,3262.879638671875,1504.640869140625,1206.9876708984375
2021-10-12,3233.885986328125,1499.479736328125,1213.8809814453125
2021-10-13,3235.966064453125,1520.8800048828125,1226.234619140625
2021-10-14,3203.368896484375,1526.7083740234375,1228.714599609375
2021-10-18,3235.03515625,1594.6905517578125,1231.9906005859375
2021-10-19,3223.503662109375,1621.3851318359375,1243.0245361328125
2021-10-20,3201.062744140625,1603.766845703125,1228.714599609375
2021-10-21,3133.340087890625,1560.432373046875,1193.2691650390625
2021-10-22,3103.491943359375,1530.3121337890625,1195.4986572265625
2021-10-25,3098.2587890625,1519.4119873046875,1183.8502197265625
2021-10-26,3089.078857421875,1529.421142578125,1210.809814453125
2021-10-27,3095.420166015625,1552.08837890625,1195.4986572265625
2021-10-28,3035.015869140625,1529.600830078125,1182.39404296875
2021-10-29,3013.816162109375,1497.148681640625,1154.0244140625
2021-11-01,3083.5791015625,1526.144775390625,1154.7296142578125
2021-11-02,3090.498291015625,1524.214599609375,1137.8939208984375
2021-11-03,3097.63818359375,1528.3441162109375,1130.06787109375
2021-11-04,3112.18505859375,1533.909912109375,1137.0067138671875
2021-11-08,3106.951416015625,1559.7637939453125,1138.417236328125
2021-11-09,3109.568115234375,1564.252197265625,1147.40380859375
2021-11-10,3090.586669921875,1562.1424560546875,1160.235107421875
2021-11-11,3094.0458984375,1555.993408203125,1162.35107421875
2021-11-12,3127.618896484375,1598.095703125,1179.8916015625
2021-11-15,3151.789306640625,1604.3348388671875,1172.929931640625
2021-11-16,3154.538818359375,1608.9578857421875,1145.6748046875
2021-11-17,3123.937744140625,1604.60400390625,1121.149658203125
2021-11-18,3082.958251953125,1597.377685546875,1125.3812255859375
2021-11-22,3067.612548828125,1579.423583984375,1075.5347900390625
2021-11-23,3072.80224609375,1559.2249755859375,1085.5904541015625
2021-11-24,3054.21923828125,1522.5087890625,1069.9151611328125
2021-11-25,3056.525634765625,1546.20849609375,1134.3221435546875
2021-11-26,3057.367919921875,1518.6038818359375,1097.761962890625
2021-11-29,3106.286376953125,1522.8231201171875,1110.9117431640625
2021-11-30,3130.3681640625,1537.4559326171875,1094.48583984375
2021-12-01,3173.520751953125,1539.4754638671875,1122.5147705078125
2021-12-02,3231.264892578125,1569.4141845703125,1129.7266845703125
2021-12-03,3229.09228515625,1558.01318359375,1095.7825927734375
2021-12-06,3136.798583984375,1521.8807373046875,1075.0113525390625
2021-12-07,3179.464111328125,1536.5582275390625,1083.7703857421875
2021-12-08,3217.072998046875,1573.9923095703125,1100.2646484375
2021-12-09,3194.764892578125,1583.0592041015625,1117.71435546875
2021-12-10,3225.854736328125,1579.2889404296875,1118.851806640625
2021-12-13,3201.771728515625,1566.182373046875,1096.419677734375
2021-12-14,3214.323486328125,1572.915283203125,1082.996826171875
2021-12-15,3166.9130859375,1556.8011474609375,1079.8345947265625
2021-12-16,3176.891845703125,1590.37548828125,1093.8033447265625
2021-12-17,3179.3310546875,1634.58740234375,1064.932861328125
2021-12-20,3154.983154296875,1614.883056640625,1036.2215576171875
2021-12-21,3200.57470703125,1626.28369140625,1051.646484375
2021-12-22,3220.488525390625,1638.043701171875,1076.60400390625
2021-12-23,3248.827880859375,1667.578125,1076.217041015625
2021-12-24,3256.101318359375,1672.8746337890625,1079.652587890625
2021-12-27,3278.453857421875,1675.253662109375,1078.4921875
2021-12-28,3287.722900390625,1694.86865234375,1091.30078125
2021-12-29,3277.21240234375,1692.669189453125,1093.16650390625
2021-12-30,3311.849365234375,1699.2222900390625,1073.4189453125
2021-12-31,3315.9296875,1694.64404296875,1077.5367431640625
2022-01-03,3386.357421875,1704.24951171875,1093.7806396484375
2022-01-04,3445.787109375,1704.8780517578125,1118.465087890625
2022-01-05,3424.67626953125,1655.9530029296875,1123.69775390625
2022-01-06,3377.2216796875,1631.849853515625,1099.5364990234375
2022-01-07,3418.068603515625,1628.70751953125,1108.4093017578125
2022-01-10,3441.44140625,1661.4288330078125,1109.3193359375
2022-01-11,3473.417236328125,1665.782958984375,1117.304931640625
2022-01-12,3423.74462890625,1685.3975830078125,1147.1307373046875
2022-01-13,3457.450927734375,1702.768310546875,1153.592041015625
2022-01-14,3519.762939453125,1731.9884033203125,1155.275390625
2022-01-17,3565.000244140625,1741.1002197265625,1161.3043212890625
2022-01-18,3539.676025390625,1724.268310546875,1147.4493408203125
2022-01-19,3478.409912109375,1676.0615234375,1147.3583984375
2022-01-20,3400.127685546875,1637.1458740234375,1127.2696533203125
2022-01-21,3406.302978515625,1603.0330810546875,1127.4515380859375
2022-01-24,3351.078857421875,1559.13525390625,1081.97314453125
2022-01-25,3349.790283203125,1545.9840087890625,1079.8572998046875
2022-01-27,3242.58544921875,1506.888916015625,1063.863525390625
2022-01-28,3278.83935546875,1513.71142578125,1062.83984375
2022-01-31,3319.889892578125,1558.5965576171875,1085.931640625
2022-02-01,3377.114013671875,1590.779541015625,1082.3370361328125
2022-02-02,3426.4736328125,1604.2899169921875,1084.5438232421875
2022-02-03,3398.394775390625,1560.706298828125,1070.529541015625
2022-02-04,3389.775390625,1562.99560546875,1060.76953125
2022-02-07,3357.876708984375,1539.5653076171875,1054.308349609375
2022-02-08,3326.2880859375,1541.630126953125,1072.031005859375
2022-02-09,3341.482421875,1559.584228515625,1084.521240234375
2022-02-10,3350.190673828125,1588.579833984375,1083.4063720703125
2022-02-11,3283.19287109375,1545.2659912109375,1081.2906494140625
2022-02-14,3317.6689453125,1510.1207275390625,1064.0684814453125
2022-02-15,3392.353271484375,1560.43701171875,1100.1964111328125
2022-02-16,3388.17626953125,1555.993408203125,1097.9212646484375
2022-02-17,3362.497314453125,1548.363037109375,1111.8218994140625
2022-02-18,3371.115966796875,1532.338623046875,1103.1312255859375
2022-02-21,3304.91796875,1553.6593017578125,1091.9832763671875
2022-02-22,3186.739013671875,1556.9359130859375,1087.023681640625
2022-02-23,3166.65771484375,1564.5665283203125,1080.2213134765625
2022-02-24,3022.577392578125,1506.48486328125,1026.393310546875
2022-02-25,3128.405029296875,1521.252197265625,1039.224853515625
2022-02-28,3158.127197265625,1540.10400390625,1073.62353515625
2022-03-02,3150.97509765625,1528.61328125,1091.369140625
2022-03-03,3149.41943359375,1544.81689453125,1082.155029296875
2022-03-04,3131.604248046875,1547.016357421875,1058.1531982421875
2022-03-07,3096.550048828125,1561.873291015625,1019.0222778320312
2022-03-08,3198.77880859375,1596.3004150390625,1017.1793823242188
2022-03-09,3227.790771484375,1627.854736328125,1071.143798828125
2022-03-10,3217.439208984375,1639.1209716796875,1088.50244140625
2022-03-11,3198.068359375,1635.619873046875,1091.64208984375
2022-03-14,3237.031982421875,1697.292236328125,1100.6058349609375
2022-03-15,3193.403564453125,1651.1502685546875,1075.3980712890625
2022-03-16,3248.494873046875,1696.125244140625,1093.55322265625
2022-03-17,3263.466552734375,1664.8848876953125,1129.203369140625
2022-03-21,3222.54833984375,1663.49365234375,1122.69677734375
2022-03-22,3288.5244140625,1694.329833984375,1151.703857421875
2022-03-23,3298.6982421875,1680.8642578125,1155.3665771484375
2022-03-24,3331.974853515625,1693.701416015625,1173.3165283203125
2022-03-25,3294.2998046875,1684.58984375,1181.1429443359375
2022-03-28,3294.521728515625,1682.2109375,1193.0189208984375
2022-03-29,3292.434326171875,1693.072998046875,1193.2918701171875
2022-03-30,3315.71435546875,1709.1868896484375,1216.224609375
2022-03-31,3323.177978515625,1711.790283203125,1198.8428955078125
2022-04-01,3339.8828125,1708.8277587890625,1208.4437255859375
2022-04-04,3350.190673828125,1690.3350830078125,1212.0155029296875
2022-04-05,3389.686767578125,1670.72021484375,1194.8843994140625
2022-04-06,3336.862548828125,1641.7691650390625,1191.69921875
2022-04-07,3273.59619140625,1625.7451171875,1170.6778564453125
2022-04-08,3274.92919921875,1628.9769287109375,1190.1522216796875
2022-04-11,3284.481201171875,1585.842041015625,1187.6724853515625
2022-04-12,3279.772216796875,1564.2071533203125,1165.30859375
2022-04-13,3253.8701171875,1569.6834716796875,1161.0313720703125
2022-04-18,3134.8916015625,1455.5401611328125,1157.482177734375
2022-04-19,3084.9990234375,1402.2164306640625,1201.5958251953125
2022-04-20,3160.43798828125,1425.287353515625,1236.9273681640625
2022-04-21,3224.28076171875,1453.2059326171875,1265.88916015625
2022-04-22,3209.975341796875,1423.2674560546875,1255.2872314453125
2022-04-25,3152.796630859375,1401.4083251953125,1226.2574462890625
2022-04-26,3151.10791015625,1419.2728271484375,1262.9542236328125
2022-04-27,3164.34765625,1393.95751953125,1264.1826171875
2022-04-28,3184.87353515625,1420.709228515625,1283.0657958984375
2022-04-29,3151.46337890625,1407.1988525390625,1269.597412109375
2022-05-02,3147.642822265625,1383.3646240234375,1265.13818359375
2022-05-04,3091.974365234375,1378.4720458984375,1225.64306640625
2022-05-05,3121.873779296875,1422.998291015625,1201.6412353515625
2022-05-06,3050.078857421875,1385.025390625,1192.42724609375
2022-05-09,3061.186279296875,1409.7120361328125,1145.8568115234375
2022-05-10,3055.54345703125,1394.136962890625,1125.9954833984375
2022-05-11,3031.773681640625,1370.572265625,1114.4609375
2022-05-12,3028.79736328125,1354.4586181640625,1091.7559814453125
2022-05-13,3034.35107421875,1350.5086669921875,1104.1322021484375
2022-05-16,3000.497314453125,1336.773681640625,1104.4051513671875
2022-05-17,3066.96142578125,1363.121337890625,1150.7935791015625
2022-05-18,3064.47314453125,1354.8175048828125,1154.979736328125
2022-05-19,2898.4453125,1281.160888671875,1128.3614501953125
2022-05-20,2926.035400390625,1306.2965087890625,1194.1563720703125
2022-05-23,2951.581298828125,1318.1910400390625,1186.1708984375
2022-05-24,2921.592529296875,1293.593994140625,1190.2432861328125
2022-05-25,2833.61328125,1266.1690673828125,1188.491455078125
2022-05-26,2886.66015625,1278.2880859375,1177.16162109375
2022-05-27,2917.387939453125,1311.8621826171875,1171.701416015625
2022-05-30,3019.322021484375,1370.6173095703125,1212.51611328125
2022-05-31,3009.571533203125,1364.0853271484375,1197.8873291015625
2022-06-01,3001.3857421875,1341.359375,1198.274169921875
2022-06-02,3062.037109375,1368.0770263671875,1239.58935546875
2022-06-03,3077.377685546875,1380.505859375,1264.705810546875
2022-06-06,3069.147705078125,1388.0810546875,1259.2685546875
2022-06-07,3008.0947265625,1366.8975830078125,1261.634521484375
2022-06-08,3045.173828125,1360.8194580078125,1239.4755859375
2022-06-09,3065.7041015625,1374.4273681640625,1273.4649658203125
2022-06-10,3005.59033203125,1339.7718505859375,1235.0164794921875
2022-06-13,2880.085693359375,1292.32470703125,1211.6513671875
2022-06-14,2871.98974609375,1306.8856201171875,1195.8170166015625
2022-06-15,2868.187744140625,1290.2381591796875,1181.3477783203125
2022-06-16,2810.66845703125,1267.5576171875,1164.830810546875
2022-06-17,2763.16796875,1258.576416015625,1178.48095703125
2022-06-20,2784.189208984375,1282.93505859375,1157.118408203125
2022-06-21,2873.241943359375,1315.367919921875,1175.796630859375
2022-06-22,2883.082275390625,1303.8916015625,1140.0782470703125
2022-06-23,2959.87841796875,1317.6812744140625,1121.581787109375
2022-06-24,2945.834716796875,1307.384521484375,1137.5528564453125
2022-06-27,2965.156982421875,1337.7760009765625,1134.1856689453125
2022-06-28,2968.2431640625,1342.81103515625,1150.1339111328125
2022-06-29,2943.508544921875,1327.479248046875,1173.9991455078125
2022-06-30,2922.576416015625,1326.2545166015625,1181.0518798828125
2022-07-01,2965.51513671875,1342.1307373046875,1095.9874267578125
2022-07-04,2893.906494140625,1349.932861328125,1098.2625732421875
2022-07-05,2877.133056640625,1339.0008544921875,1107.157958984375
2022-07-06,2916.895751953125,1353.2440185546875,1097.420654296875
2022-07-07,2941.13818359375,1359.6397705078125,1086.6141357421875
2022-07-08,2921.1005859375,1373.9283447265625,1088.1158447265625
2022-07-11,2785.442626953125,1336.4605712890625,1102.9036865234375
2022-07-12,2759.41064453125,1305.1165771484375,1101.3338623046875
2022-07-13,2718.30615234375,1310.4234619140625,1081.8138427734375
2022-07-14,2689.60546875,1296.2708740234375,1090.7320556640625
2022-07-15,2685.88330078125,1297.6318359375,1092.847900390625
2022-07-18,2747.680419921875,1351.6563720703125,1102.1529541015625
2022-07-19,2757.321533203125,1346.43994140625,1108.909912109375
2022-07-20,2838.537109375,1374.6995849609375,1138.89501953125
2022-07-21,2849.74853515625,1390.6666259765625,1131.2962646484375
2022-07-22,2844.09765625,1366.5345458984375,1138.940673828125
2022-07-25,2840.2861328125,1364.0853271484375,1101.31103515625
2022-07-26,2794.67822265625,1316.501953125,1101.8116455078125
2022-07-27,2860.107666015625,1334.555419921875,1100.7650146484375
2022-07-28,2924.37109375,1376.604736328125,1118.0101318359375
2022-07-29,2961.503173828125,1405.9075927734375,1141.829833984375
2022-08-01,2958.72314453125,1407.1324462890625,1171.587646484375
2022-08-02,2952.4443359375,1400.3736572265625,1176.046875
2022-08-03,2995.226806640625,1420.785888671875,1185.9205322265625
2022-08-04,3009.084228515625,1451.44970703125,1170.245361328125
2022-08-05,3018.142822265625,1466.645751953125,1153.0003662109375
2022-08-08,3026.573974609375,1469.140380859375,1168.083984375
2022-08-10,3008.456298828125,1453.76318359375,1175.0684814453125
2022-08-11,3069.670166015625,1469.6395263671875,1178.981689453125
2022-08-12,3050.880859375,1446.18798828125,1198.046630859375
2022-08-16,3042.942138671875,1448.31982421875,1206.373291015625
2022-08-17,3050.476806640625,1457.2105712890625,1212.6754150390625
2022-08-18,3032.672607421875,1436.0726318359375,1214.8746337890625
2022-08-19,3036.709228515625,1448.9095458984375,1193.213623046875
2022-08-22,3008.7255859375,1429.4500732421875,1189.904052734375
2022-08-23,2945.986328125,1399.2850341796875,1208.2552490234375
2022-08-24,2919.751953125,1394.8397216796875,1205.0369873046875
2022-08-25,2886.431884765625,1377.2852783203125,1201.5220947265625
2022-08-26,2890.019775390625,1380.3697509765625,1195.1080322265625
2022-08-29,2809.612060546875,1326.1185302734375,1185.818359375
2022-08-30,2880.108642578125,1354.42333984375,1204.215087890625
2022-09-01,2808.849365234375,1328.341064453125,1168.81396484375
2022-09-02,2807.683349609375,1318.18017578125,1155.1646728515625
2022-09-05,2810.374267578125,1325.710205078125,1173.10498046875
2022-09-06,2804.67822265625,1320.0853271484375,1185.4532470703125
2022-09-07,2824.90380859375,1322.3988037109375,1178.5601806640625
2022-09-08,2842.88720703125,1338.9554443359375,1180.2261962890625
2022-09-09,2885.93798828125,1371.388427734375,1172.8768310546875
2022-09-12,2908.63037109375,1393.6602783203125,1186.0009765625
2022-09-13,2896.432373046875,1401.598388671875,1195.906982421875
2022-09-14,2798.714599609375,1338.501953125,1181.5728759765625
2022-09-15,2784.319091796875,1299.8546142578125,1169.8638916015625
2022-09-16,2698.52978515625,1249.2774658203125,1140.8763427734375
2022-09-19,2716.557861328125,1261.2979736328125,1142.3599853515625
2022-09-20,2726.872314453125,1259.71044921875,1142.54248046875
2022-09-21,2691.802978515625,1249.458984375,1145.6925048828125
2022-09-22,2697.36328125,1241.021728515625,1134.8961181640625
2022-09-23,2674.626953125,1238.753662109375,1113.6234130859375
2022-09-26,2685.70361328125,1252.1802978515625,1085.2523193359375
2022-09-27,2706.378173828125,1264.2464599609375,1093.8800048828125
2022-09-28,2722.701416015625,1265.2896728515625,1064.7554931640625
2022-09-29,2688.304931640625,1268.873291015625,1061.4915771484375
2022-09-30,2694.8076171875,1282.2999267578125,1085.4349365234375
2022-10-03,2677.22802734375,1264.427978515625,1081.6688232421875
2022-10-04,2772.47998046875,1296.77001953125,1101.6175537109375
2022-10-06,2782.16650390625,1320.130859375,1105.6802978515625
2022-10-07,2748.936279296875,1316.54736328125,1110.3594970703125
2022-10-10,2797.05517578125,1326.93505859375,1098.2396240234375
2022-10-11,2753.106689453125,1291.6898193359375,1076.373291015625
2022-10-12,2781.090087890625,1296.1348876953125,1084.2935791015625
2022-10-13,2783.377685546875,1288.1514892578125,1087.7401123046875
2022-10-14,2779.65478515625,1337.45849609375,1082.216552734375
2022-10-17,2798.179443359375,1351.7017822265625,1099.586181640625
2022-10-18,2827.80908203125,1364.1761474609375,1118.9874267578125
2022-10-19,2807.261474609375,1347.619384765625,1138.4569091796875
2022-10-20,2839.138916015625,1361.6358642578125,1141.5155029296875
2022-10-21,2821.244140625,1361.272705078125,1128.2769775390625
2022-10-24,2843.095703125,1377.012939453125,1132.0430908203125
2022-10-25,2843.45556640625,1384.678955078125,1114.559326171875
2022-10-27,2839.22900390625,1397.65625,1118.941650390625
2022-10-28,2844.489501953125,1387.843017578125,1153.178955078125
2022-10-31,2871.376220703125,1410.220947265625,1163.8837890625
2022-11-01,2931.219970703125,1442.641357421875,1154.867919921875
2022-11-02,2915.033935546875,1424.5740966796875,1162.08056640625
2022-11-03,2883.605712890625,1403.892822265625,1166.4173583984375
2022-11-04,2893.182861328125,1388.531005859375,1183.5816650390625
2022-11-07,2907.83984375,1382.523681640625,1189.904052734375
2022-11-09,2891.96875,1385.9627685546875,1188.7171630859375
2022-11-10,2882.6171875,1377.4794921875,1174.337646484375
2022-11-11,2981.8017578125,1439.981689453125,1201.4078369140625
2022-11-14,2999.3818359375,1453.922119140625,1195.5875244140625
2022-11-15,2996.77392578125,1461.9010009765625,1190.2236328125
2022-11-16,3017.23193359375,1469.971923828125,1183.3990478515625
2022-11-17,3011.521484375,1455.8480224609375,1186.45751953125
2022-11-18,3006.53125,1461.3507080078125,1185.818359375
2022-11-21,2952.62158203125,1438.2392578125,1164.477294921875
2022-11-22,2980.902587890625,1453.69287109375,1170.9365234375
2022-11-23,2974.9228515625,1451.9501953125,1167.28466796875
2022-11-24,3039.532470703125,1494.734130859375,1177.3504638671875
2022-11-25,3048.07470703125,1500.099609375,1194.9254150390625
2022-11-28,3053.11083984375,1488.86474609375,1235.9874267578125
2022-11-29,3054.9990234375,1494.04638671875,1238.110107421875
2022-11-30,3049.109130859375,1499.4573974609375,1246.85205078125
2022-12-01,3125.4091796875,1519.771728515625,1243.1773681640625
2022-12-02,3092.587158203125,1502.1629638671875,1242.6522216796875
2022-12-05,3080.671875,1503.859619140625,1224.529296875
2022-12-06,3044.208740234375,1479.2347412109375,1228.0672607421875
2022-12-07,3039.937255859375,1472.447998046875,1209.9443359375
2022-12-08,3012.915283203125,1485.8839111328125,1209.373779296875
2022-12-09,2960.93994140625,1439.2481689453125,1191.0452880859375
2022-12-12,2955.27490234375,1418.9793701171875,1192.871337890625
2022-12-13,2996.324951171875,1441.86181640625,1198.3037109375
2022-12-14,3026.22412109375,1448.510986328125,1193.9669189453125
2022-12-15,2972.044921875,1412.834716796875,1177.008056640625
2022-12-16,2913.73046875,1396.05126953125,1171.1876220703125
2022-12-19,2879.3798828125,1382.431884765625,1186.5716552734375
2022-12-20,2917.05712890625,1382.3863525390625,1196.843017578125
2022-12-21,2939.178466796875,1384.449462890625,1179.8155517578125
2022-12-22,2931.219970703125,1395.913818359375,1176.7569580078125
2022-12-23,2903.029541015625,1373.0313720703125,1142.245849609375
2022-12-26,2925.105224609375,1377.8922119140625,1152.2203369140625
2022-12-27,2931.040283203125,1389.3104248046875,1161.64697265625
2022-12-28,2928.882080078125,1384.9998779296875,1161.532958984375
2022-12-29,2939.358154296875,1391.78662109375,1161.0078125
2022-12-30,2928.522705078125,1383.21142578125,1162.7882080078125
2023-01-02,2932.793701171875,1397.7021484375,1175.8896484375
2023-01-03,2977.66552734375,1396.3724365234375,1167.28466796875
2023-01-04,2980.633056640625,1370.922119140625,1149.7095947265625
2023-01-05,2977.4404296875,1352.9462890625,1147.6553955078125
2023-01-06,2887.92236328125,1328.4591064453125,1158.0863037109375
2023-01-09,2985.399169921875,1361.4296875,1185.4302978515625
2023-01-10,2955.229248046875,1347.9478759765625,1167.9010009765625
2023-01-11,2993.267333984375,1349.3236083984375,1153.178955078125
2023-01-12,2998.34765625,1357.89892578125,1128.2769775390625
2023-01-13,3034.4970703125,1379.0386962890625,1126.451171875
2023-01-16,3066.2255859375,1399.077880859375,1115.723388671875
2023-01-17,3107.0126953125,1411.91748046875,1131.563720703125
2023-01-18,3117.680908203125,1417.32861328125,1129.6922607421875
2023-01-19,3102.13916015625,1411.3673095703125,1128.4825439453125
2023-01-20,3092.942138671875,1399.123779296875,1115.0615234375
2023-01-23,3140.580810546875,1419.7132568359375,1109.4237060546875
2023-01-24,3160.26220703125,1423.2900390625,1102.873046875
2023-01-25,3154.238037109375,1415.1275634765625,1087.6259765625
2023-01-27,3137.0400390625,1393.2540283203125,1066.9923095703125
2023-01-30,3157.824462890625,1411.275634765625,1077.218017578125
2023-01-31,3088.895263671875,1406.64404296875,1074.5245361328125
2023-02-01,3134.556884765625,1422.5562744140625,1068.156494140625
2023-02-02,3182.426025390625,1452.5006103515625,1062.2447509765625
2023-02-03,3202.56640625,1466.853515625,1063.1806640625
2023-02-06,3182.01171875,1439.7525634765625,1055.1690673828125
2023-02-07,3193.599609375,1432.9197998046875,1052.635498046875
2023-02-08,3237.330322265625,1458.6910400390625,1073.6572265625
2023-02-09,3256.413330078125,1482.994873046875,1075.52880859375
2023-02-10,3253.378662109375,1475.2452392578125,1066.6729736328125
2023-02-13,3202.65869140625,1437.5513916015625,1060.6014404296875
2023-02-14,3218.936767578125,1461.213134765625,1085.5946044921875
2023-02-15,3237.83544921875,1464.6983642578125,1110.1768798828125
2023-02-16,3272.23193359375,1469.0545654296875,1109.3096923828125
2023-02-17,3219.90234375,1452.54638671875,1113.9429931640625
2023-02-20,3207.164794921875,1460.4794921875,1102.1654052734375
2023-02-21,3173.781005859375,1448.6025390625,1111.158447265625
2023-02-22,3128.30322265625,1432.3695068359375,1085.9598388671875
2023-02-23,3139.569091796875,1422.1893310546875,1080.7557373046875
2023-02-24,3127.291748046875,1422.1435546875,1088.1510009765625
2023-02-27,3064.2021484375,1384.220458984375,1080.91552734375
2023-02-28,3046.728759765625,1364.2728271484375,1060.2362060546875
2023-03-01,3113.726318359375,1372.0684814453125,1069.9822998046875
2023-03-02,3054.6376953125,1350.149169921875,1061.833984375
2023-03-03,3073.675048828125,1356.7066650390625,1088.927001953125
2023-03-06,3100.9892578125,1382.523681640625,1099.5633544921875
2023-03-08,3118.048828125,1368.99609375,1103.5120849609375
2023-03-09,3068.800537109375,1357.71533203125,1076.9896240234375
2023-03-10,3063.4208984375,1349.598876953125,1060.3048095703125
2023-03-13,3018.310791015625,1316.16943359375,1042.866455078125
2023-03-14,2956.69287109375,1302.3209228515625,1038.9635009765625
2023-03-15,2941.93212890625,1302.0,1021.205810546875
2023-03-16,2929.1484375,1287.738525390625,1016.1157836914062
2023-03-17,2923.90673828125,1302.9630126953125,1014.837646484375
2023-03-20,2890.798828125,1287.325927734375,1004.8632202148438
2023-03-21,2856.5869140625,1275.4490966796875,1036.1102294921875
2023-03-22,2879.302734375,1274.1192626953125,1039.2601318359375
2023-03-23,2873.646240234375,1260.6375732421875,1026.1131591796875
2023-03-24,2869.82958984375,1266.23193359375,1005.7989501953125
2023-03-27,2871.485107421875,1273.843994140625,1021.4338989257812
2023-03-28,2865.599609375,1263.4345703125,1026.2044677734375
2023-03-29,2886.751953125,1268.8916015625,1020.133056640625
2023-03-31,2948.36962890625,1309.612060546875,1064.116455078125
2023-04-03,2942.943603515625,1293.92919921875,1064.299072265625
2023-04-05,2979.546630859375,1305.5767822265625,1061.74267578125
2023-04-06,2961.980712890625,1304.0633544921875,1068.864013671875
2023-04-10,3001.250732421875,1309.2911376953125,1061.2861328125
2023-04-11,2955.63525390625,1289.61865234375,1066.535888671875
2023-04-12,2981.247802734375,1309.93310546875,1071.23779296875
2023-04-13,2932.689208984375,1274.0733642578125,1075.27783203125
2023-04-17,2887.3037109375,1154.021484375,1080.73291015625
2023-04-18,2879.2568359375,1154.984375,1068.36181640625
2023-04-19,2841.41259765625,1130.0843505859375,1073.6800537109375
2023-04-20,2855.390869140625,1122.013671875,1070.9638671875
2023-04-21,2906.938720703125,1125.636474609375,1072.310546875
2023-04-24,2919.768310546875,1124.6734619140625,1076.4190673828125
2023-04-25,2920.87158203125,1123.3895263671875,1084.65869140625
2023-04-26,2941.2421875,1125.8197021484375,1078.2906494140625
2023-04-27,2931.861572265625,1142.969970703125,1085.115234375
2023-04-28,2960.647705078125,1148.931396484375,1104.949951171875
2023-05-02,2960.78515625,1171.584228515625,1114.3310546875
2023-05-03,2924.45849609375,1163.9722900390625,1104.7674560546875
2023-05-04,2961.980712890625,1168.0076904296875,1117.503662109375
2023-05-05,2971.177490234375,1154.7550048828125,1114.650634765625
2023-05-08,2989.479248046875,1160.716552734375,1128.4140625
2023-05-09,3019.50634765625,1165.393798828125,1131.9061279296875
2023-05-10,3022.771484375,1158.56103515625,1139.6895751953125
2023-05-11,3018.494873046875,1152.003662109375,1132.24853515625
2023-05-12,3011.27490234375,1142.0069580078125,1134.097412109375
2023-05-15,2993.572021484375,1154.0672607421875,1136.334228515625
2023-05-16,2996.42236328125,1159.5242919921875,1120.1514892578125
2023-05-17,2950.945068359375,1143.566162109375,1113.5321044921875
2023-05-18,2942.805908203125,1142.74072265625,1111.1357421875
2023-05-19,2963.957763671875,1163.7430419921875,1114.741943359375
2023-05-22,3033.71484375,1185.662353515625,1120.69921875
2023-05-23,3032.197998046875,1192.3114013671875,1120.4937744140625
2023-05-24,3037.991455078125,1191.0274658203125,1113.9658203125
2023-05-25,3028.93310546875,1196.255126953125,1113.8289794921875
2023-05-26,3061.4892578125,1208.2694091796875,1144.2088623046875
2023-05-29,3053.6259765625,1205.4722900390625,1150.6453857421875
2023-05-30,3049.8095703125,1214.13916015625,1150.3486328125
2023-05-31,3025.254150390625,1209.049072265625,1127.5008544921875
2023-06-01,3056.98291015625,1210.1495361328125,1124.4652099609375
2023-06-02,3040.060791015625,1207.361328125,1120.7904052734375
2023-06-05,3024.701904296875,1212.4732666015625,1130.8563232421875
2023-06-06,2972.6494140625,1188.772216796875,1131.8148193359375
2023-06-07,3011.82666015625,1198.0201416015625,1140.3970947265625
2023-06-08,2976.4658203125,1192.30419921875,1141.081787109375
2023-06-09,2951.49658203125,1176.6427001953125,1133.001708984375
2023-06-12,2986.075927734375,1200.80859375,1134.006103515625
2023-06-13,2983.133056640625,1212.798583984375,1150.759521484375
2023-06-14,2989.892822265625,1208.66259765625,1164.9107666015625
2023-06-15,2979.93310546875,1196.02197265625,1165.23046875
2023-06-16,2941.575439453125,1200.5296630859375,1176.574462890625
2023-06-19,2974.466552734375,1202.714111328125,1164.8880615234375
2023-06-20,2990.4951171875,1211.450927734375,1167.3074951171875
2023-06-21,3018.753662109375,1207.6866455078125,1170.59423828125
2023-06-22,3000.501220703125,1191.142333984375,1157.4471435546875
2023-06-23,2979.979248046875,1175.759765625,1147.9749755859375
2023-06-26,2955.2412109375,1180.7322998046875,1139.2100830078125
2023-06-27,2962.37548828125,1188.91162109375,1139.62109375
2023-06-28,2979.1455078125,1202.10986328125,1154.708251953125
2023-06-30,3059.56640625,1241.286376953125,1164.1805419921875
2023-07-03,3031.817626953125,1239.6134033203125,1194.058349609375
2023-07-04,3065.68115234375,1250.255615234375,1181.755615234375
2023-07-05,3075.965087890625,1252.2540283203125,1179.8155517578125
2023-07-06,3078.69873046875,1249.0938720703125,1204.5804443359375
2023-07-07,3084.582275390625,1236.3602294921875,1202.2294921875
2023-07-10,3031.493408203125,1235.38427734375,1248.541015625
2023-07-11,3031.909912109375,1253.4622802734375,1262.0760498046875
2023-07-12,3020.32861328125,1239.24169921875,1263.468505859375
2023-07-13,3095.0517578125,1268.7982177734375,1252.170166015625
2023-07-14,3256.35693359375,1325.35546875,1251.120361328125
2023-07-17,3235.093505859375,1322.5670166015625,1276.68408203125
2023-07-18,3239.865478515625,1371.131103515625,1287.52587890625
2023-07-19,3215.034912109375,1370.8988037109375,1297.294921875
2023-07-20,3217.124755859375,1347.244140625,1295.723876953125
2023-07-21,3128.8779296875,1237.6614990234375,1255.6134033203125
2023-07-24,3153.447265625,1242.3087158203125,1230.216796875
2023-07-25,3157.53466796875,1240.44970703125,1229.425537109375
2023-07-26,3147.455810546875,1253.694580078125,1249.406494140625
2023-07-27,3155.444580078125,1257.6912841796875,1237.7838134765625
2023-07-28,3116.89404296875,1245.93359375,1250.2225341796875
2023-07-31,3178.249267578125,1260.0614013671875,1260.8065185546875
2023-08-01,3206.674560546875,1268.89111328125,1242.976806640625
2023-08-02,3196.0849609375,1261.130126953125,1229.697509765625
2023-08-03,3158.277587890625,1268.0546875,1224.529052734375
2023-08-04,3198.77880859375,1281.1134033203125,1241.1717529296875
2023-08-07,3236.39990234375,1294.72998046875,1248.2442626953125
2023-08-08,3223.906005859375,1292.1275634765625,1240.7265625
2023-08-09,3216.38134765625,1296.0311279296875,1248.911865234375
2023-08-10,3197.431640625,1291.1051025390625,1254.475830078125
2023-08-11,3203.655517578125,1275.0718994140625,1259.767822265625
2023-08-14,3204.630859375,1295.2412109375,1274.65478515625
2023-08-16,3212.5732421875,1318.4310302734375,1273.6160888671875
2023-08-17,3191.533447265625,1311.971435546875,1255.2425537109375
2023-08-18,3127.76318359375,1290.826416015625,1264.5406494140625
2023-08-21,3159.856689453125,1306.2552490234375,1250.74267578125
2023-08-22,3141.7431640625,1304.7215576171875,1250.44482421875
2023-08-23,3156.69873046875,1308.625244140625,1251.8345947265625
2023-08-24,3146.9453125,1323.171142578125,1230.7904052734375
2023-08-25,3140.95361328125,1319.9180908203125,1225.1075439453125
2023-08-28,3135.612548828125,1315.7821044921875,1212.897705078125
2023-08-29,3136.169677734375,1317.64111328125,1201.2838134765625
2023-08-30,3149.91748046875,1333.906494140625,1200.142333984375
2023-08-31,3118.19482421875,1334.185302734375,1194.6578369140625
2023-09-01,3139.002685546875,1341.99267578125,1197.4619140625
2023-09-04,3175.509033203125,1361.7435302734375,1196.494140625
2023-09-05,3185.587890625,1374.5703125,1202.89697265625
2023-09-06,3186.0986328125,1373.22216796875,1205.4281005859375
2023-09-07,3209.646728515625,1362.7659912109375,1207.06591796875
2023-09-08,3197.24560546875,1365.9261474609375,1215.1064453125
2023-09-11,3233.2412109375,1372.2928466796875,1228.20947265625
2023-09-12,3326.272705078125,1395.2039794921875,1210.4658203125
2023-09-13,3314.2431640625,1392.64794921875,1216.52099609375
2023-09-14,3306.997314453125,1400.6412353515625,1217.6376953125
2023-09-15,3342.52880859375,1404.9632568359375,1219.89599609375
2023-09-18,3349.821044921875,1386.56005859375,1209.274658203125
2023-09-20,3349.728271484375,1385.119384765625,1182.3240966796875
2023-09-21,3330.45263671875,1395.80810546875,1173.7127685546875
2023-09-22,3347.49853515625,1390.6031494140625,1168.823974609375
2023-09-25,3322.882080078125,1370.1552734375,1161.6273193359375
2023-09-26,3330.82470703125,1357.607666015625,1162.644775390625
2023-09-27,3334.16845703125,1363.509521484375,1175.747802734375
2023-09-28,3285.353759765625,1337.9031982421875,1158.4757080078125
2023-09-29,3277.783447265625,1334.185302734375,1163.8856201171875
2023-10-03,3264.081298828125,1332.8375244140625,1150.5592041015625
2023-10-04,3286.28271484375,1342.45751953125,1148.5738525390625
2023-10-05,3334.215087890625,1360.2100830078125,1148.5491943359375
2023-10-06,3363.986328125,1374.3841552734375,1150.4847412109375
2023-10-09,3379.73193359375,1371.363525390625,1140.6822509765625
2023-10-10,3370.953857421875,1389.673828125,1145.719970703125
2023-10-11,3353.303955078125,1388.976806640625,1163.910400390625
2023-10-12,3290.741455078125,1362.1153564453125,1166.0693359375
2023-10-13,3317.030029296875,1330.1885986328125,1166.019775390625
2023-10-16,3273.556640625,1332.97705078125,1163.4140625
2023-10-17,3257.765380859375,1340.6915283203125,1168.972900390625
2023-10-18,3239.3720703125,1338.925537109375,1153.4627685546875
2023-10-19,3218.324462890625,1332.5123291015625,1144.603271484375
2023-10-20,3254.552978515625,1326.5638427734375,1141.104248046875
2023-10-23,3175.949462890625,1309.27587890625,1123.2860107421875
2023-10-25,3157.276611328125,1289.88134765625,1120.680419921875
2023-10-26,3107.59033203125,1279.901611328125,1105.07080078125
2023-10-27,3120.814697265625,1299.57861328125,1124.5765380859375
2023-10-30,3146.52001953125,1296.4716796875,1147.7550048828125
2023-10-31,3137.392578125,1288.3277587890625,1135.5452880859375
2023-11-01,3101.9091796875,1274.9117431640625,1140.2603759765625
2023-11-02,3129.336669921875,1289.9754638671875,1151.57666015625
2023-11-03,3120.768798828125,1307.76953125,1151.3284912109375
2023-11-06,3148.102783203125,1321.185791015625,1160.9075927734375
2023-11-07,3138.975830078125,1322.127197265625,1153.3634033203125
2023-11-08,3149.31396484375,1309.6053466796875,1159.3690185546875
2023-11-09,3117.55517578125,1294.3533935546875,1146.787109375
2023-11-10,3104.51708984375,1288.7513427734375,1148.9461669921875
2023-11-13,3102.747314453125,1293.176513671875,1148.79736328125
2023-11-15,3170.501220703125,1327.96435546875,1169.5684814453125
2023-11-16,3257.626708984375,1360.3514404296875,1171.6778564453125
2023-11-17,3261.910400390625,1353.431640625,1169.121826171875
2023-11-20,3277.8828125,1352.537109375,1166.0445556640625
2023-11-21,3269.12841796875,1354.796630859375,1180.7109375
2023-11-22,3287.707763671875,1372.49658203125,1185.3267822265625
2023-11-23,3267.3125,1364.4468994140625,1188.9500732421875
2023-11-24,3219.6748046875,1353.2904052734375,1188.1558837890625
2023-11-28,3231.828369140625,1358.2801513671875,1188.404052734375
2023-11-29,3272.4345703125,1374.191162109375,1191.5308837890625
2023-11-30,3248.08056640625,1370.001708984375,1179.9913330078125
2023-12-01,3270.478759765625,1367.3184814453125,1188.3544921875
2023-12-04,3271.2236328125,1378.6632080078125,1201.2093505859375
2023-12-05,3289.058349609375,1368.871826171875,1209.919921875
2023-12-06,3356.57958984375,1388.03125,1221.5091552734375
2023-12-07,3366.637451171875,1380.1226806640625,1219.4989013671875
2023-12-08,3377.627197265625,1403.8951416015625,1218.8536376953125
2023-12-11,3392.714599609375,1401.4000244140625,1220.6405029296875
2023-12-12,3419.9091796875,1389.6787109375,1203.1201171875
2023-12-13,3346.753662109375,1364.2115478515625,1208.03369140625
2023-12-14,3415.392822265625,1413.5924072265625,1223.0228271484375
2023-12-15,3595.8359375,1486.0396728515625,1238.63232421875
2023-12-18,3594.159912109375,1472.811767578125,1251.239013671875
2023-12-19,3554.11328125,1467.1158447265625,1269.6527099609375
2023-12-20,3520.44580078125,1446.497314453125,1254.2913818359375
2023-12-21,3527.383544921875,1446.120849609375,1271.8614501953125
2023-12-22,3561.376953125,1471.44677734375,1273.102294921875
2023-12-26,3534.881103515625,1453.6055908203125,1279.554443359375
2023-12-27,3549.4560546875,1475.40087890625,1283.9222412109375
2023-12-28,3538.93212890625,1471.2113037109375,1293.2034912109375
2023-12-29,3532.878662109375,1452.616943359375,1282.97900390625
